{
  "metrics": {
    "http_req_failed{endpoint:json}": {
      "type": "rate",
      "contains": "default",
      "values": {
        "rate": 0,
        "passes": 0,
        "fails": 145614
      },
      "thresholds": {
        "rate<0.01": {
          "ok": true
        }
      }
    },
    "http_req_waiting": {
      "type": "trend",
      "contains": "time",
      "values": {
        "avg": 1435.2155191657603,
        "min": 0,
        "med": 1592.908675,
        "max": 13259.792805,
        "p(90)": 2189.8086430000003,
        "p(95)": 4403.883426399975
      }
    },
    "http_req_receiving": {
      "type": "trend",
      "contains": "time",
      "values": {
        "max": 950.475785,
        "p(90)": 48.60668560000002,
        "p(95)": 59.80963779999999,
        "avg": 17.074441870647576,
        "min": -0.461018,
        "med": 1.865624
      }
    },
    "iteration_duration": {
      "type": "trend",
      "contains": "time",
      "values": {
        "min": 3.079656,
        "med": 1624.286515,
        "max": 30003.891247,
        "p(90)": 2228.5597066,
        "p(95)": 4530.61090459997,
        "avg": 1467.401821564684
      }
    },
    "http_req_duration{endpoint:vehicle}": {
      "type": "trend",
      "contains": "time",
      "values": {
        "p(90)": 1892.9286129,
        "p(95)": 1936.1253029,
        "avg": 1104.0693951403773,
        "min": 0,
        "med": 1671.469547,
        "max": 2823.110874
      },
      "thresholds": {
        "p(95)<300": {
          "ok": false
        }
      }
    },
    "dropped_iterations": {
      "type": "counter",
      "contains": "default",
      "values": {
        "count": 558619,
        "rate": 1030.8438067716552
      }
    },
    "iterations": {
      "type": "counter",
      "contains": "default",
      "values": {
        "count": 446277,
        "rate": 823.5342542137557
      }
    },
    "vus": {
      "contains": "default",
      "values": {
        "value": 974,
        "min": 1,
        "max": 2000
      },
      "type": "gauge"
    },
    "http_req_duration{expected_response:true}": {
      "type": "trend",
      "contains": "time",
      "values": {
        "med": 1622.639131,
        "max": 13607.754545,
        "p(90)": 2223.973337400002,
        "p(95)": 4456.038010999998,
        "avg": 1452.8603183277303,
        "min": 2.958896
      }
    },
    "http_req_tls_handshaking": {
      "type": "trend",
      "contains": "time",
      "values": {
        "avg": 0,
        "min": 0,
        "med": 0,
        "max": 0,
        "p(90)": 0,
        "p(95)": 0
      }
    },
    "http_req_connecting": {
      "type": "trend",
      "contains": "time",
      "values": {
        "min": 0,
        "med": 0,
        "max": 19594.819226,
        "p(90)": 0,
        "p(95)": 0,
        "avg": 4.4525051227219885
      }
    },
    "vus_max": {
      "type": "gauge",
      "contains": "default",
      "values": {
        "max": 4000,
        "value": 4000,
        "min": 400
      }
    },
    "http_req_failed": {
      "values": {
        "rate": 0.0003405956390313639,
        "passes": 152,
        "fails": 446125
      },
      "type": "rate",
      "contains": "default"
    },
    "data_received": {
      "type": "counter",
      "contains": "data",
      "values": {
        "count": 220099515,
        "rate": 406159.1566187241
      }
    },
    "http_req_duration{endpoint:json}": {
      "type": "trend",
      "contains": "time",
      "values": {
        "max": 13607.754545,
        "p(90)": 2433.0409655999997,
        "p(95)": 3240.4813094500005,
        "avg": 1921.2248779097602,
        "min": 7.949283,
        "med": 1913.068875
      },
      "thresholds": {
        "p(95)<200": {
          "ok": false
        }
      }
    },
    "http_req_failed{endpoint:pure}": {
      "type": "rate",
      "contains": "default",
      "values": {
        "rate": 0.00022656159107469796,
        "passes": 37,
        "fails": 163274
      },
      "thresholds": {
        "rate<0.01": {
          "ok": true
        }
      }
    },
    "http_req_failed{endpoint:vehicle}": {
      "contains": "default",
      "values": {
        "rate": 0.0008372648377890383,
        "passes": 115,
        "fails": 137237
      },
      "thresholds": {
        "rate<0.01": {
          "ok": true
        }
      },
      "type": "rate"
    },
    "http_reqs": {
      "type": "counter",
      "contains": "default",
      "values": {
        "count": 446277,
        "rate": 823.5342542137557
      }
    },
    "http_req_sending": {
      "type": "trend",
      "contains": "time",
      "values": {
        "p(95)": 0.137415,
        "avg": 0.07551940278123193,
        "min": -1.685242,
        "med": 0.064714,
        "max": 106.305377,
        "p(90)": 0.11598240000000003
      }
    },
    "data_sent": {
      "contains": "data",
      "values": {
        "count": 41077495,
        "rate": 75802.07855164904
      },
      "type": "counter"
    },
    "http_req_duration": {
      "values": {
        "p(95)": 4454.152764199996,
        "avg": 1452.3654804391863,
        "min": 0,
        "med": 1621.779112,
        "max": 13607.754545,
        "p(90)": 2223.7914124
      },
      "type": "trend",
      "contains": "time"
    },
    "http_req_blocked": {
      "type": "trend",
      "contains": "time",
      "values": {
        "p(95)": 0.023805,
        "avg": 4.473901836594628,
        "min": 0,
        "med": 0.012294,
        "max": 19595.215331,
        "p(90)": 0.017835
      }
    },
    "http_req_duration{endpoint:pure}": {
      "thresholds": {
        "p(95)<200": {
          "ok": false
        }
      },
      "type": "trend",
      "contains": "time",
      "values": {
        "avg": 1327.2463617312262,
        "min": 0,
        "med": 177.928046,
        "max": 11113.1388,
        "p(90)": 9069.672495,
        "p(95)": 9964.202325
      }
    }
  },
  "root_group": {
    "name": "",
    "path": "",
    "id": "d41d8cd98f00b204e9800998ecf8427e",
    "groups": [],
    "checks": []
  },
  "options": {
    "summaryTrendStats": [
      "avg",
      "min",
      "med",
      "max",
      "p(90)",
      "p(95)"
    ],
    "summaryTimeUnit": "",
    "noColor": false
  },
  "state": {
    "isStdOutTTY": false,
    "isStdErrTTY": false,
    "testRunDurationMs": 541904.599252
  }
}